court,month,cases,sum_cases
BG Favoriten,2007-01-01,10,624
BG Favoriten,2007-02-01,11,624
BG Favoriten,2007-03-01,9,624
BG Favoriten,2007-04-01,11,624
BG Favoriten,2007-05-01,8,624
BG Favoriten,2007-06-01,8,624
BG Favoriten,2007-07-01,7,624
BG Favoriten,2007-08-01,8,624
BG Favoriten,2007-09-01,4,624
BG Favoriten,2007-10-01,4,624
BG Favoriten,2007-11-01,9,624
BG Favoriten,2007-12-01,11,624
BG Favoriten,2008-01-01,6,624
BG Favoriten,2008-02-01,8,624
BG Favoriten,2008-03-01,11,624
BG Favoriten,2008-04-01,6,624
BG Favoriten,2008-05-01,7,624
BG Favoriten,2008-06-01,8,624
BG Favoriten,2008-07-01,15,624
BG Favoriten,2008-08-01,5,624
BG Favoriten,2008-09-01,10,624
BG Favoriten,2008-10-01,7,624
BG Favoriten,2008-11-01,6,624
BG Favoriten,2008-12-01,7,624
BG Favoriten,2009-01-01,7,624
BG Favoriten,2009-02-01,13,624
BG Favoriten,2009-03-01,28,624
BG Favoriten,2009-04-01,19,624
BG Favoriten,2009-05-01,23,624
BG Favoriten,2009-06-01,23,624
BG Favoriten,2009-07-01,25,624
BG Favoriten,2009-08-01,23,624
BG Favoriten,2009-09-01,43,624
BG Favoriten,2009-10-01,11,624
BG Favoriten,2009-11-01,7,624
BG Favoriten,2009-12-01,10,624
BG Favoriten,2010-01-01,15,624
BG Favoriten,2010-02-01,43,624
BG Favoriten,2010-03-01,26,624
BG Favoriten,2010-04-01,7,624
BG Favoriten,2010-05-01,2,624
BG Favoriten,2010-06-01,5,624
BG Favoriten,2010-07-01,2,624
BG Favoriten,2010-08-01,4,624
BG Favoriten,2010-09-01,5,624
BG Favoriten,2010-10-01,3,624
BG Favoriten,2010-11-01,6,624
BG Favoriten,2010-12-01,1,624
BG Favoriten,2011-01-01,4,624
BG Favoriten,2011-02-01,2,624
BG Favoriten,2011-03-01,1,624
BG Favoriten,2011-04-01,4,624
BG Favoriten,2011-05-01,2,624
BG Favoriten,2011-06-01,4,624
BG Favoriten,2011-07-01,2,624
BG Favoriten,2011-09-01,3,624
BG Favoriten,2011-10-01,2,624
BG Favoriten,2011-11-01,3,624
BG Favoriten,2011-12-01,3,624
BG Favoriten,2012-01-01,1,624
BG Favoriten,2012-02-01,1,624
BG Favoriten,2012-03-01,4,624
BG Favoriten,2012-04-01,3,624
BG Favoriten,2012-05-01,1,624
BG Favoriten,2012-07-01,2,624
BG Favoriten,2012-08-01,2,624
BG Favoriten,2012-09-01,2,624
BG Favoriten,2012-10-01,4,624
BG Favoriten,2012-11-01,4,624
BG Favoriten,2013-03-01,2,624
BG Favoriten,2013-04-01,5,624
BG Favoriten,2013-05-01,2,624
BG Favoriten,2013-06-01,3,624
BG Favoriten,2013-07-01,3,624
BG Favoriten,2013-08-01,2,624
BG Favoriten,2013-09-01,1,624
BG Favoriten,2013-10-01,1,624
BG Favoriten,2013-11-01,3,624
BG Favoriten,2013-12-01,1,624
BG Fünfhaus,2007-01-01,3,169
BG Fünfhaus,2007-02-01,2,169
BG Fünfhaus,2007-03-01,2,169
BG Fünfhaus,2007-04-01,1,169
BG Fünfhaus,2007-05-01,3,169
BG Fünfhaus,2007-06-01,3,169
BG Fünfhaus,2007-07-01,2,169
BG Fünfhaus,2007-09-01,3,169
BG Fünfhaus,2007-10-01,4,169
BG Fünfhaus,2007-11-01,1,169
BG Fünfhaus,2007-12-01,2,169
BG Fünfhaus,2008-01-01,1,169
BG Fünfhaus,2008-02-01,3,169
BG Fünfhaus,2008-03-01,2,169
BG Fünfhaus,2008-04-01,7,169
BG Fünfhaus,2008-05-01,8,169
BG Fünfhaus,2008-06-01,3,169
BG Fünfhaus,2008-07-01,4,169
BG Fünfhaus,2008-08-01,3,169
BG Fünfhaus,2008-09-01,2,169
BG Fünfhaus,2008-10-01,4,169
BG Fünfhaus,2008-11-01,2,169
BG Fünfhaus,2008-12-01,4,169
BG Fünfhaus,2009-01-01,6,169
BG Fünfhaus,2009-02-01,2,169
BG Fünfhaus,2009-03-01,5,169
BG Fünfhaus,2009-04-01,5,169
BG Fünfhaus,2009-05-01,4,169
BG Fünfhaus,2009-06-01,1,169
BG Fünfhaus,2009-07-01,2,169
BG Fünfhaus,2009-08-01,2,169
BG Fünfhaus,2009-09-01,2,169
BG Fünfhaus,2009-10-01,4,169
BG Fünfhaus,2009-11-01,2,169
BG Fünfhaus,2009-12-01,2,169
BG Fünfhaus,2010-01-01,1,169
BG Fünfhaus,2010-02-01,4,169
BG Fünfhaus,2010-03-01,4,169
BG Fünfhaus,2010-04-01,5,169
BG Fünfhaus,2010-05-01,2,169
BG Fünfhaus,2010-09-01,1,169
BG Fünfhaus,2010-10-01,1,169
BG Fünfhaus,2010-11-01,2,169
BG Fünfhaus,2011-03-01,2,169
BG Fünfhaus,2011-05-01,1,169
BG Fünfhaus,2011-07-01,1,169
BG Fünfhaus,2011-08-01,1,169
BG Fünfhaus,2011-11-01,1,169
BG Fünfhaus,2012-02-01,4,169
BG Fünfhaus,2012-03-01,2,169
BG Fünfhaus,2012-04-01,1,169
BG Fünfhaus,2012-05-01,2,169
BG Fünfhaus,2012-07-01,1,169
BG Fünfhaus,2012-08-01,1,169
BG Fünfhaus,2012-09-01,3,169
BG Fünfhaus,2012-10-01,1,169
BG Fünfhaus,2013-03-01,3,169
BG Fünfhaus,2013-04-01,4,169
BG Fünfhaus,2013-05-01,2,169
BG Fünfhaus,2013-06-01,2,169
BG Fünfhaus,2013-07-01,4,169
BG Fünfhaus,2013-09-01,1,169
BG Fünfhaus,2013-10-01,2,169
BG Fünfhaus,2013-11-01,2,169
BG Fünfhaus,2013-12-01,2,169
BG Innere Stadt Wien,2007-01-01,11,229
BG Innere Stadt Wien,2007-02-01,8,229
BG Innere Stadt Wien,2007-03-01,3,229
BG Innere Stadt Wien,2007-04-01,1,229
BG Innere Stadt Wien,2007-05-01,2,229
BG Innere Stadt Wien,2007-06-01,6,229
BG Innere Stadt Wien,2007-08-01,1,229
BG Innere Stadt Wien,2007-09-01,1,229
BG Innere Stadt Wien,2007-10-01,1,229
BG Innere Stadt Wien,2007-11-01,3,229
BG Innere Stadt Wien,2007-12-01,4,229
BG Innere Stadt Wien,2008-01-01,6,229
BG Innere Stadt Wien,2008-02-01,2,229
BG Innere Stadt Wien,2008-04-01,3,229
BG Innere Stadt Wien,2008-05-01,4,229
BG Innere Stadt Wien,2008-06-01,4,229
BG Innere Stadt Wien,2008-07-01,11,229
BG Innere Stadt Wien,2008-09-01,5,229
BG Innere Stadt Wien,2008-10-01,5,229
BG Innere Stadt Wien,2008-11-01,8,229
BG Innere Stadt Wien,2008-12-01,3,229
BG Innere Stadt Wien,2009-01-01,6,229
BG Innere Stadt Wien,2009-02-01,5,229
BG Innere Stadt Wien,2009-03-01,5,229
BG Innere Stadt Wien,2009-04-01,6,229
BG Innere Stadt Wien,2009-05-01,6,229
BG Innere Stadt Wien,2009-06-01,6,229
BG Innere Stadt Wien,2009-07-01,1,229
BG Innere Stadt Wien,2009-08-01,2,229
BG Innere Stadt Wien,2009-09-01,2,229
BG Innere Stadt Wien,2009-10-01,5,229
BG Innere Stadt Wien,2009-11-01,4,229
BG Innere Stadt Wien,2009-12-01,3,229
BG Innere Stadt Wien,2010-01-01,7,229
BG Innere Stadt Wien,2010-02-01,18,229
BG Innere Stadt Wien,2010-03-01,2,229
BG Innere Stadt Wien,2010-04-01,1,229
BG Innere Stadt Wien,2010-05-01,2,229
BG Innere Stadt Wien,2010-07-01,1,229
BG Innere Stadt Wien,2010-08-01,1,229
BG Innere Stadt Wien,2010-10-01,2,229
BG Innere Stadt Wien,2010-11-01,2,229
BG Innere Stadt Wien,2011-03-01,1,229
BG Innere Stadt Wien,2011-06-01,1,229
BG Innere Stadt Wien,2011-09-01,1,229
BG Innere Stadt Wien,2011-11-01,2,229
BG Innere Stadt Wien,2011-12-01,1,229
BG Innere Stadt Wien,2012-02-01,3,229
BG Innere Stadt Wien,2012-03-01,4,229
BG Innere Stadt Wien,2012-04-01,2,229
BG Innere Stadt Wien,2012-05-01,2,229
BG Innere Stadt Wien,2012-06-01,2,229
BG Innere Stadt Wien,2012-07-01,2,229
BG Innere Stadt Wien,2012-08-01,2,229
BG Innere Stadt Wien,2012-09-01,1,229
BG Innere Stadt Wien,2012-11-01,1,229
BG Innere Stadt Wien,2012-12-01,4,229
BG Innere Stadt Wien,2013-01-01,1,229
BG Innere Stadt Wien,2013-02-01,4,229
BG Innere Stadt Wien,2013-03-01,1,229
BG Innere Stadt Wien,2013-04-01,1,229
BG Innere Stadt Wien,2013-05-01,1,229
BG Innere Stadt Wien,2013-06-01,4,229
BG Innere Stadt Wien,2013-07-01,1,229
BG Innere Stadt Wien,2013-08-01,1,229
BG Innere Stadt Wien,2013-09-01,1,229
BG Innere Stadt Wien,2013-10-01,3,229
BG Innere Stadt Wien,2013-11-01,2,229
BG Innere Stadt Wien,2013-12-01,1,229
HG Wien,2007-02-01,3,155
HG Wien,2007-03-01,3,155
HG Wien,2007-04-01,2,155
HG Wien,2007-05-01,2,155
HG Wien,2007-07-01,1,155
HG Wien,2007-08-01,2,155
HG Wien,2007-09-01,1,155
HG Wien,2007-12-01,2,155
HG Wien,2008-01-01,1,155
HG Wien,2008-02-01,1,155
HG Wien,2008-03-01,3,155
HG Wien,2008-04-01,1,155
HG Wien,2008-06-01,1,155
HG Wien,2008-07-01,3,155
HG Wien,2008-10-01,2,155
HG Wien,2008-11-01,1,155
HG Wien,2008-12-01,1,155
HG Wien,2009-01-01,1,155
HG Wien,2009-02-01,2,155
HG Wien,2009-03-01,1,155
HG Wien,2009-04-01,2,155
HG Wien,2009-06-01,1,155
HG Wien,2009-08-01,2,155
HG Wien,2009-09-01,1,155
HG Wien,2009-10-01,2,155
HG Wien,2009-11-01,3,155
HG Wien,2009-12-01,1,155
HG Wien,2010-01-01,4,155
HG Wien,2010-02-01,3,155
HG Wien,2010-03-01,2,155
HG Wien,2010-04-01,2,155
HG Wien,2010-05-01,2,155
HG Wien,2010-06-01,1,155
HG Wien,2010-07-01,3,155
HG Wien,2010-09-01,1,155
HG Wien,2010-10-01,2,155
HG Wien,2011-01-01,2,155
HG Wien,2011-02-01,1,155
HG Wien,2011-03-01,3,155
HG Wien,2011-05-01,3,155
HG Wien,2011-06-01,2,155
HG Wien,2011-07-01,2,155
HG Wien,2011-08-01,7,155
HG Wien,2011-09-01,2,155
HG Wien,2011-10-01,3,155
HG Wien,2011-11-01,1,155
HG Wien,2011-12-01,2,155
HG Wien,2012-01-01,2,155
HG Wien,2012-02-01,3,155
HG Wien,2012-03-01,4,155
HG Wien,2012-04-01,3,155
HG Wien,2012-05-01,2,155
HG Wien,2012-06-01,6,155
HG Wien,2012-07-01,3,155
HG Wien,2012-08-01,1,155
HG Wien,2012-09-01,6,155
HG Wien,2012-10-01,9,155
HG Wien,2012-12-01,4,155
HG Wien,2013-01-01,3,155
HG Wien,2013-03-01,3,155
HG Wien,2013-04-01,1,155
HG Wien,2013-05-01,2,155
HG Wien,2013-06-01,3,155
HG Wien,2013-07-01,2,155
HG Wien,2013-08-01,1,155
HG Wien,2013-09-01,1,155
HG Wien,2013-11-01,2,155
